Density(%),Std_Heap(ms),Pairing_Heap(ms)
0.1,0.584483,0.849771
0.5,0.748829,0.838758
1,0.913037,0.975632
2.5,1.30284,1.15647
5,3.70873,3.75879
10,4.30933,3.40842
20,4.41497,5.03485
30,5.77313,6.76593
40,7.15721,7.9549
50,9.51159,10.8374
60,10.6678,11.5483
70,12.1897,14.997
80,13.5247,14.6561
90,24.6203,36.5316
100,18.9013,20.9597
