Density(%),Std_Heap(ms),Pairing_Heap(ms)
0.1,39.9389,0.962105,0.775668
0.5,31.0842,1.45564,1.01757
1,32.8751,1.97259,1.23412
2.5,30.2589,3.10974,2.05398
5,30.7947,3.89402,2.56018
10,35.9967,5.09515,4.11532
20,36.0968,6.07117,5.19255
30,37.7615,10.4219,10.2848
40,38.6912,12.9039,14.6402
50,46.1583,14.9317,14.6441
60,52.7098,17.5255,18.3813
70,44.1382,20.0935,19.7101
80,51.1543,23.2634,21.0543
90,55.7335,28.7872,27.0772
100,50.0204,25.4242,23.8431
