Density(%),Std_Heap(ms),Pairing_Heap(ms)
0.1,1.41279,1.44093
0.5,3.30038,2.1604
1,3.9305,2.44171
2.5,4.10014,2.73873
5,4.55501,3.88227
10,6.59334,5.62095
20,10.1082,10.0275
30,13.4767,14.6771
40,17.8444,17.8824
50,17.8248,18.25
